dataset,fit_time_sec,val_r2,val_rmse,val_mae,time_budget,n_trials,cv
sklearn_diabetes,134.304,0.4400879941256046,54.465574200029,45.105310818582744,1200,10,3
sklearn_diabetes,0.27,0.36498737331014663,58.00339005977984,44.198501872659186,60,3,2
sklearn_diabetes,3.193,0.4196697383135105,55.44977719226085,45.8073102205302,1200,10,3
sklearn_diabetes,34.458,0.4585305994009402,53.5610590966249,44.0533722121695,1200,10,3
sklearn_diabetes,63.017,0.4585305994009402,53.5610590966249,44.0533722121695,1200,10,3
sklearn_diabetes,74.334,0.4585305994009402,53.5610590966249,44.0533722121695,1200,10,3
sklearn_diabetes,104.738,0.4585305994009402,53.5610590966249,44.0533722121695,1200,10,3
